1	Sue	Tindale
2	Ian	Tindale
3	Marny	Hermione
4	Chelsea	Claudia
5	Alec	Isadora
6	Xena	Rahim
7	Kelsey	Cameron
8	Hamilton	Emi
9	Caldwell	Veda
10	Ima	Winifred
11	Ruth	Leslie
12	Britanni	Jorden
13	Berk	Derek
14	Damon	Sasha
15	Remedios	Mari
16	Reed	Eve
17	Quail	Octavia
18	Ezekiel	Rashad
19	Peter	Paloma
20	Ronan	Magee
21	Melodie	Mercedes
22	Marny	Dennis
23	Blythe	Arsenio
24	Garrett	Doris
25	Aline	Melanie
26	Joelle	Christen
27	Ainsley	Evelyn
28	Joseph	Byron
29	Orson	Benedict
30	Amela	Chadwick
31	Dawn	Anthony
32	Alisa	Lysandra
33	Cairo	Vaughan
34	Yasir	Lillith
35	Xavier	Zachary
36	Anthony	Kaitlin
37	Hop	Bianca
38	Ezekiel	Bertha
39	Vance	Samuel
40	Brent	Herman
41	Adrian	Macon
42	Kylie	Candace
43	Tatum	Laurel
44	Tamekah	Maya
45	Pandora	Neville
46	Desiree	Anika
47	Hope	Sheila
48	Clare	Oscar
49	Gemma	Eaton
50	Dale	Joshua
51	Lawrence	Roberts
52	Melinda	Zeus
53	Sawyer	Kasper
54	Ezekiel	Griffin
55	Coby	Shelly
1	Sue	Tindale
2	Ian	Tindale
3	Marny	Hermione
4	Chelsea	Claudia
5	Alec	Isadora
6	Xena	Rahim
7	Kelsey	Cameron
8	Hamilton	Emi
9	Caldwell	Veda
10	Ima	Winifred
11	Ruth	Leslie
12	Britanni	Jorden
13	Berk	Derek
14	Damon	Sasha
15	Remedios	Mari
16	Reed	Eve
17	Quail	Octavia
18	Ezekiel	Rashad
19	Peter	Paloma
20	Ronan	Magee
21	Melodie	Mercedes
22	Marny	Dennis
23	Blythe	Arsenio
24	Garrett	Doris
25	Aline	Melanie
26	Joelle	Christen
27	Ainsley	Evelyn
28	Joseph	Byron
29	Orson	Benedict
30	Amela	Chadwick
31	Dawn	Anthony
32	Alisa	Lysandra
33	Cairo	Vaughan
34	Yasir	Lillith
35	Xavier	Zachary
36	Anthony	Kaitlin
37	Hop	Bianca
38	Ezekiel	Bertha
39	Vance	Samuel
40	Brent	Herman
41	Adrian	Macon
42	Kylie	Candace
43	Tatum	Laurel
44	Tamekah	Maya
45	Pandora	Neville
46	Desiree	Anika
47	Hope	Sheila
48	Clare	Oscar
49	Gemma	Eaton
50	Dale	Joshua
51	Lawrence	Roberts
52	Melinda	Zeus
53	Sawyer	Kasper
54	Ezekiel	Griffin
55	Coby	Shelly
